{
  "view" : "face_on",
  "source" : "Brooke Henderson fairway wood, face-on (YouTube ZvK6LdFV7-s)",
  "phases" : {
    "address" : {
      "leftAnkle" : {
        "x" : 2.0099107151567148,
        "y" : -10.704567834206244
      },
      "rightElbow" : {
        "y" : 3.078052414295839,
        "x" : -0.94956823385292188
      },
      "rightWrist" : {
        "y" : -0.45308160412086751,
        "x" : -0.013823642429078426
      },
      "rightKnee" : {
        "y" : -5.6150531630007769,
        "x" : -0.63454467720525842
      },
      "leftElbow" : {
        "x" : -0.035918808606703781,
        "y" : 3.5184299990313077
      },
      "rightHip" : {
        "y" : -0.21887620823837045,
        "x" : -0.49160314365075436
      },
      "leftKnee" : {
        "x" : 1.4418243039680265,
        "y" : -5.2786277538438187
      },
      "rightAnkle" : {
        "x" : -1.3934471648001381,
        "y" : -11.784301782754529
      },
      "nose" : {
        "y" : 9.2934142460610207,
        "x" : 0.10823658480076752
      },
      "neck" : {
        "y" : 7.4182767524537692,
        "x" : -0.62577111807389918
      },
      "rightShoulder" : {
        "y" : 7.2064368926422109,
        "x" : -1.0786771500441297
      },
      "leftHip" : {
        "y" : 0.21887620823837045,
        "x" : 0.49160314365075436
      },
      "leftWrist" : {
        "y" : 1.5881303159874556,
        "x" : 0.9595360201686467
      },
      "leftShoulder" : {
        "x" : -0.17286508610366882,
        "y" : 7.6301166122653274
      }
    },
    "impact" : {

    },
    "finish" : {
      "neck" : {
        "y" : 11.656135320663452,
        "x" : -0.97141861915588412
      },
      "rightHip" : {
        "y" : -0.33886730670928955,
        "x" : -0.17302837222814491
      },
      "leftHip" : {
        "x" : 0.17302837222814491,
        "y" : 0.33886730670928955
      },
      "rightShoulder" : {
        "x" : -0.76928976923227244,
        "y" : 11.628451943397522
      },
      "leftElbow" : {
        "y" : 10.47234833240509,
        "x" : 1.9193524494767196
      },
      "rightElbow" : {
        "x" : 2.6325022801756863,
        "y" : 10.186609625816345
      },
      "rightWrist" : {
        "x" : 1.2910688295960433,
        "y" : 15.81723690032959
      },
      "leftShoulder" : {
        "x" : -1.1735474690794927,
        "y" : 11.683818697929382
      },
      "leftWrist" : {
        "x" : 1.3003101572394378,
        "y" : 16.415613889694214
      }
    },
    "top" : {
      "rightHip" : {
        "x" : -0.17125370124703368,
        "y" : -0.12788165844331884
      },
      "leftHip" : {
        "x" : 0.17125370124703368,
        "y" : 0.12788165844331884
      },
      "neck" : {
        "x" : -0.59552202975243074,
        "y" : 8.6151593232687009
      },
      "rightKnee" : {
        "x" : 0.63562851265061626,
        "y" : -7.5270281118905302
      },
      "leftShoulder" : {
        "y" : 9.0277437328913273,
        "x" : -0.31307892940060994
      },
      "rightElbow" : {
        "y" : 3.4735405532463588,
        "x" : -1.9944963752549831
      },
      "nose" : {
        "x" : 0.59577251304063905,
        "y" : 10.853297744754489
      },
      "rightWrist" : {
        "x" : -2.6519487413813914,
        "y" : -0.96080618246420402
      },
      "rightAnkle" : {
        "x" : 0.32924769191987052,
        "y" : -15.253069834841899
      },
      "leftElbow" : {
        "y" : 3.7840603121203547,
        "x" : 0.15240914106167583
      },
      "rightShoulder" : {
        "x" : -0.87796513010425159,
        "y" : 8.2025749136460746
      },
      "leftAnkle" : {
        "x" : -1.6362164774542174,
        "y" : -13.091022670018473
      },
      "leftWrist" : {
        "x" : 1.5260117824930213,
        "y" : 1.7335882111470529
      },
      "leftKnee" : {
        "y" : -7.3681580923631662,
        "x" : 0.8712736479764035
      }
    }
  },
  "metrics" : {
    "head_sway_in" : 220.80000000000001,
    "lead_arm_bend_deg" : 63.299999999999997,
    "pelvis_sway_in" : 227,
    "trail_knee_flex_loss_deg" : 0,
    "head_rise_cm" : -432.10000000000002,
    "weight_lead_pct_est" : 0,
    "xfactor_deg" : 17.199999999999999,
    "tempo_ratio" : 0.10000000000000001,
    "spine_loss_deg" : 1.5
  },
  "club" : "wood"
}