{
  "club" : "wedge",
  "view" : "dtl",
  "metrics" : {
    "spine_loss_deg" : 12,
    "tempo_ratio" : 2.1000000000000001,
    "head_rise_cm" : 0,
    "pelvis_sway_in" : 2.5,
    "lead_arm_bend_deg" : 10.199999999999999,
    "xfactor_deg" : 9.1999999999999993,
    "weight_lead_pct_est" : 100,
    "trail_knee_flex_loss_deg" : 0.10000000000000001,
    "head_sway_in" : 0
  },
  "source" : "Justin Thomas iron DTL (pro, proxy for wedge)",
  "phases" : {
    "address" : {
      "leftElbow" : {
        "y" : 5.1123513361335196,
        "x" : -1.403166871771276
      },
      "rightShoulder" : {
        "x" : 1.2650143659120541,
        "y" : 4.4936280483435365
      },
      "rightKnee" : {
        "x" : 0.60809071092361988,
        "y" : -3.5133721679367222
      },
      "leftWrist" : {
        "x" : -0.98817887570636764,
        "y" : 7.1444783500712772
      },
      "neck" : {
        "y" : 4.6014854339529858,
        "x" : 0.77678615659852568
      },
      "leftShoulder" : {
        "x" : 0.28855794728499723,
        "y" : 4.7093428195624352
      },
      "leftHip" : {
        "x" : -0.45990644274244658,
        "y" : -0.034963593876042129
      },
      "rightHip" : {
        "x" : 0.45990644274244658,
        "y" : 0.034963593876042129
      },
      "rightAnkle" : {
        "y" : -6.9281785406198555,
        "x" : 1.1164330605483594
      },
      "rightElbow" : {
        "x" : 0.059437912385373014,
        "y" : 5.5931291821578144
      },
      "rightWrist" : {
        "x" : -0.33871478685576872,
        "y" : 7.00870478057554
      },
      "leftKnee" : {
        "y" : -3.6728075758795442,
        "x" : -0.38818207012775729
      },
      "leftAnkle" : {
        "x" : -0.24908167086258218,
        "y" : -7.4758558372063444
      }
    },
    "top" : {
      "leftHip" : {
        "y" : -0.027548247103810763,
        "x" : -0.44358373546391799
      },
      "rightHip" : {
        "x" : 0.44358373546391799,
        "y" : 0.027548247103810763
      },
      "rightElbow" : {
        "x" : 0.11594692047744952,
        "y" : 5.3190697233273765
      },
      "rightWrist" : {
        "x" : -0.28278753458782707,
        "y" : 6.7358520866118283
      },
      "rightKnee" : {
        "x" : 0.62249419034534725,
        "y" : -3.4286536953984363
      },
      "leftKnee" : {
        "x" : -0.33087704069681795,
        "y" : -3.5144475310721144
      },
      "rightAnkle" : {
        "x" : 1.1167785981840572,
        "y" : -6.6892130877934868
      },
      "leftShoulder" : {
        "y" : 4.4626945223532051,
        "x" : 0.287921900054246
      },
      "leftWrist" : {
        "x" : -0.88857051397468068,
        "y" : 6.9312009912640251
      },
      "rightShoulder" : {
        "y" : 4.2511419577229255,
        "x" : 1.2652885213373506
      },
      "leftAnkle" : {
        "x" : -0.21821591160376963,
        "y" : -7.1243133807481787
      },
      "leftElbow" : {
        "x" : -1.3238600310480049,
        "y" : 4.8801026766441229
      },
      "neck" : {
        "y" : 4.3569182400380653,
        "x" : 0.77660521069579824
      }
    },
    "impact" : {

    },
    "finish" : {
      "leftShoulder" : {
        "x" : 3.3144265413284302,
        "y" : 9.0379893779754639
      },
      "rightAnkle" : {
        "x" : 0.6944611668586731,
        "y" : -18.980613350868225
      },
      "rightHip" : {
        "y" : -0.045976042747497559,
        "x" : 0.005576014518737793
      },
      "rightElbow" : {
        "x" : 3.6098271608352661,
        "y" : 1.1950582265853882
      },
      "neck" : {
        "x" : 3.4513942897319794,
        "y" : 8.5662007331848145
      },
      "rightKnee" : {
        "y" : -9.4683557748794556,
        "x" : 1.4176905155181885
      },
      "rightWrist" : {
        "x" : 4.3192625045776367,
        "y" : -3.6981850862503052
      },
      "leftElbow" : {
        "y" : 1.8891751766204834,
        "x" : 3.2854840159416199
      },
      "leftHip" : {
        "x" : -0.005576014518737793,
        "y" : 0.045976042747497559
      },
      "nose" : {
        "x" : 5.9037178754806519,
        "y" : 9.1118276119232178
      },
      "leftAnkle" : {
        "y" : -16.368520259857178,
        "x" : 0.74813365936279297
      },
      "leftWrist" : {
        "y" : -3.3252030611038208,
        "x" : 4.1323229670524597
      },
      "leftKnee" : {
        "y" : -8.7763160467147827,
        "x" : 1.2044310569763184
      },
      "rightShoulder" : {
        "x" : 3.5883620381355286,
        "y" : 8.094412088394165
      }
    }
  }
}