{
  "club" : "driver",
  "source" : "Adam Scott driver, down-the-line (YouTube XwnbLuQSLuY)",
  "view" : "dtl",
  "phases" : {
    "address" : {
      "neck" : {
        "x" : -0.018370560802547248,
        "y" : 2.9850884440496612
      },
      "leftKnee" : {
        "y" : -2.1345226822893899,
        "x" : -0.069324201666685389
      },
      "rightWrist" : {
        "x" : 0.52497463949428358,
        "y" : 1.2092983739540366
      },
      "rightElbow" : {
        "x" : 0.5997965238615921,
        "y" : 1.7464871151640415
      },
      "rightHip" : {
        "x" : 0.26100914179115908,
        "y" : 0.11235237508928246
      },
      "leftHip" : {
        "x" : -0.26100914179115908,
        "y" : -0.11235237508928246
      },
      "rightKnee" : {
        "x" : 0.35762102392092865,
        "y" : -1.9755886164472283
      },
      "rightShoulder" : {
        "x" : 0.48154151235193243,
        "y" : 2.9757119247386279
      },
      "leftShoulder" : {
        "y" : 2.9944649633606941,
        "x" : -0.51828263395702689
      }
    },
    "impact" : {
      "rightElbow" : {
        "y" : 1.435957172146086,
        "x" : 0.474701543832596
      },
      "rightShoulder" : {
        "x" : 0.34634207645136389,
        "y" : 2.7415737126284019
      },
      "leftWrist" : {
        "x" : -0.54078130458409479,
        "y" : 0.79544348732214909
      },
      "rightWrist" : {
        "x" : 0.43000373732369812,
        "y" : 0.45544484898551968
      },
      "rightHip" : {
        "y" : 0.057304502323570872,
        "x" : 0.29726860081424133
      },
      "rightKnee" : {
        "x" : 0.45781390276875339,
        "y" : -1.6621773141893081
      },
      "leftShoulder" : {
        "y" : 2.6054537761740471,
        "x" : -0.6443502889677214
      },
      "leftHip" : {
        "x" : -0.29726860081424133,
        "y" : -0.057304502323570872
      },
      "neck" : {
        "x" : -0.14900410625817875,
        "y" : 2.6735137444012245
      },
      "leftElbow" : {
        "y" : 1.4904262730232776,
        "x" : -0.70208133578909737
      }
    },
    "finish" : {
      "rightHip" : {
        "x" : 0.090358823919891196,
        "y" : -0.13296648426394775
      },
      "rightAnkle" : {
        "x" : 0.12667423452941709,
        "y" : -12.722895719753085
      },
      "rightElbow" : {
        "x" : 1.923667130586119,
        "y" : 1.9146119792951288
      },
      "rightShoulder" : {
        "y" : 6.1088467532262518,
        "x" : 1.9914197806970189
      },
      "leftShoulder" : {
        "x" : 1.5527377467149945,
        "y" : 7.0074891031416087
      },
      "leftKnee" : {
        "x" : 0.48740156746612789,
        "y" : -5.7435355154345054
      },
      "rightWrist" : {
        "x" : 2.753970760363448,
        "y" : -1.4174472977951567
      },
      "nose" : {
        "x" : 3.4435166219867774,
        "y" : 7.5190740622838508
      },
      "neck" : {
        "y" : 6.5581679281839298,
        "x" : 1.7720787637060067
      },
      "leftAnkle" : {
        "y" : -12.138244080590104,
        "x" : 0.13870344496017037
      },
      "leftWrist" : {
        "x" : 2.4187066926179766,
        "y" : -1.1174927179445822
      },
      "leftElbow" : {
        "y" : 2.4565494558927377,
        "x" : 1.540944934278377
      },
      "leftHip" : {
        "y" : 0.13296648426394775,
        "x" : -0.090358823919891196
      },
      "rightKnee" : {
        "y" : -6.2949042870064824,
        "x" : 0.55202686911294241
      }
    },
    "top" : {
      "rightShoulder" : {
        "x" : 0.48154151235193243,
        "y" : 2.9757119247386279
      },
      "leftHip" : {
        "x" : -0.26100914179115908,
        "y" : -0.11235237508928246
      },
      "rightHip" : {
        "x" : 0.26100914179115908,
        "y" : 0.11235237508928246
      },
      "leftKnee" : {
        "y" : -2.1345226822893899,
        "x" : -0.069324201666685389
      },
      "rightKnee" : {
        "x" : 0.35762102392092865,
        "y" : -1.9755886164472283
      },
      "rightElbow" : {
        "x" : 0.5997965238615921,
        "y" : 1.7464871151640415
      },
      "leftShoulder" : {
        "x" : -0.51828263395702689,
        "y" : 2.9944649633606941
      },
      "neck" : {
        "y" : 2.9850884440496612,
        "x" : -0.018370560802547248
      },
      "rightWrist" : {
        "y" : 1.2092983739540366,
        "x" : 0.52497463949428358
      }
    }
  },
  "metrics" : {
    "tempo_ratio" : null,
    "weight_lead_pct_est" : 0,
    "xfactor_deg" : 3,
    "spine_loss_deg" : 1.8,
    "head_sway_in" : 0,
    "pelvis_sway_in" : 10.800000000000001,
    "head_rise_cm" : 0,
    "lead_arm_bend_deg" : 51.5,
    "trail_knee_flex_loss_deg" : 0
  }
}