{
  "phases" : {
    "impact" : {
      "rightWrist" : {
        "y" : 1.898957307351216,
        "x" : 0.44875105073124066
      },
      "leftShoulder" : {
        "y" : 1.1131596108296979,
        "x" : -0.57692752930612634
      },
      "leftAnkle" : {
        "y" : -2.0931485633789095,
        "x" : 0.31986289034750359
      },
      "neck" : {
        "y" : 1.0746326385635077,
        "x" : -0.078414066691524342
      },
      "leftElbow" : {
        "y" : 1.3009353913746953,
        "x" : -0.27327133971466849
      },
      "rightAnkle" : {
        "y" : -1.7773672457491914,
        "x" : -1.3606268845718617
      },
      "rightHip" : {
        "x" : 0.22875279929018252,
        "y" : -0.022105905367236296
      },
      "rightShoulder" : {
        "y" : 1.0361056662973174,
        "x" : 0.42009939592307766
      },
      "leftHip" : {
        "y" : 0.022105905367236296,
        "x" : -0.22875279929018252
      },
      "rightKnee" : {
        "y" : -1.0630982236585989,
        "x" : -0.14301874917052348
      },
      "leftKnee" : {
        "x" : 0.34950573008654134,
        "y" : -1.0783892156659192
      },
      "rightElbow" : {
        "x" : 0.7260636402718611,
        "y" : 1.4526552691786667
      },
      "nose" : {
        "x" : 0.47066395764183927,
        "y" : 1.3853887588785232
      },
      "leftWrist" : {
        "x" : -0.19959004321203089,
        "y" : 1.3758904776911414
      }
    },
    "address" : {
      "neck" : {
        "y" : 1.0515770802030151,
        "x" : -0.19100362150956532
      },
      "rightWrist" : {
        "x" : -0.56416639331794949,
        "y" : 0.30021378739466287
      },
      "leftKnee" : {
        "y" : -0.78126530206194045,
        "x" : 0.061379489101673339
      },
      "rightShoulder" : {
        "x" : -0.69088400553369855,
        "y" : 1.0406408254562962
      },
      "nose" : {
        "x" : -0.048558304707767889,
        "y" : 1.4538029407829995
      },
      "rightKnee" : {
        "y" : -0.81729028034135476,
        "x" : -0.24558322925695716
      },
      "leftWrist" : {
        "x" : 0.6507585774089345,
        "y" : 0.35624794660746589
      },
      "leftHip" : {
        "y" : 0.043823909913812839,
        "x" : 0.31457052733074575
      },
      "leftShoulder" : {
        "y" : 1.062513334949734,
        "x" : 0.30887676251456792
      },
      "rightElbow" : {
        "x" : -0.88432408879573721,
        "y" : 0.56790854687012438
      },
      "rightHip" : {
        "y" : -0.043823909913812839,
        "x" : -0.31457052733074575
      },
      "leftElbow" : {
        "y" : 0.63269678143989139,
        "x" : 0.7095445272875357
      }
    },
    "finish" : {
      "leftKnee" : {
        "y" : -0.63488797078611714,
        "x" : 0.63814864985574948
      },
      "nose" : {
        "x" : -0.06834139138124852,
        "y" : 0.87511378333635448
      },
      "leftElbow" : {
        "x" : 0.23685925923616721,
        "y" : 0.36214031459415758
      },
      "leftWrist" : {
        "x" : 0.044961881618873073,
        "y" : -0.046897337104911126
      },
      "leftShoulder" : {
        "y" : 0.88965533219345105,
        "x" : 0.44166462660807471
      },
      "rightShoulder" : {
        "y" : 0.83310189250723732,
        "x" : -0.55673494693933911
      },
      "rightWrist" : {
        "y" : -0.092042857910335354,
        "x" : -0.26358922447427724
      },
      "leftHip" : {
        "x" : 0.35627921548570246,
        "y" : 0.025481020642321175
      },
      "rightHip" : {
        "y" : -0.025481020642321175,
        "x" : -0.35627921548570246
      },
      "neck" : {
        "y" : 0.86137861235034419,
        "x" : -0.057535160165632232
      },
      "rightElbow" : {
        "y" : 0.34466029109319124,
        "x" : -0.42675802830933762
      },
      "rightKnee" : {
        "x" : -0.49458082163712946,
        "y" : -0.69714722735561063
      },
      "leftAnkle" : {
        "x" : 0.83424632498337059,
        "y" : -1.3226651417646955
      },
      "rightAnkle" : {
        "y" : -1.3618542147269077,
        "x" : -0.6298863724152558
      }
    },
    "top" : {
      "rightHip" : {
        "y" : -0.016485319112565112,
        "x" : 0.22038166805548803
      },
      "rightAnkle" : {
        "x" : -1.0947515745984309,
        "y" : -1.4875837087603361
      },
      "neck" : {
        "x" : -0.015522322936374237,
        "y" : 0.9032247762825506
      },
      "leftKnee" : {
        "y" : -1.0326683247510877,
        "x" : -0.032816707138076183
      },
      "leftAnkle" : {
        "y" : -1.7191364345545459,
        "x" : 0.095709845969758983
      },
      "leftWrist" : {
        "x" : -0.55963781960229442,
        "y" : 1.4492994957406982
      },
      "rightElbow" : {
        "y" : 1.3101262941907152,
        "x" : 0.30852692022085815
      },
      "rightKnee" : {
        "y" : -1.0263413588571519,
        "x" : -0.46550724342041094
      },
      "leftHip" : {
        "x" : -0.22038166805548803,
        "y" : 0.016485319112565112
      },
      "leftShoulder" : {
        "x" : -0.51213312073653294,
        "y" : 0.84510665941448704
      },
      "rightWrist" : {
        "y" : 1.4456021287023244,
        "x" : -0.39610423395977379
      },
      "rightShoulder" : {
        "x" : 0.48108847486378448,
        "y" : 0.96134289315061416
      },
      "nose" : {
        "y" : 1.1749525545867945,
        "x" : 0.31413242854888668
      },
      "leftElbow" : {
        "x" : -0.56718305186941775,
        "y" : 1.0357606780788815
      }
    }
  },
  "metrics" : {
    "trail_knee_flex_loss_deg" : 34.799999999999997,
    "spine_loss_deg" : 2.2999999999999998,
    "lead_arm_bend_deg" : 4.7999999999999998,
    "pelvis_sway_in" : 97.200000000000003,
    "head_sway_in" : 111,
    "tempo_ratio" : 0.40000000000000002,
    "xfactor_deg" : 16.699999999999999,
    "head_rise_cm" : 131.40000000000001,
    "weight_lead_pct_est" : 100
  },
  "view" : "face_on",
  "source" : "Rory McIlroy iron, face-on (YouTube ro7RZErg7ng)",
  "club" : "mid-iron"
}