{
  "metrics" : {
    "pelvis_sway_in" : 155.5,
    "lead_arm_bend_deg" : 15.699999999999999,
    "tempo_ratio" : null,
    "spine_loss_deg" : 3.1000000000000001,
    "weight_lead_pct_est" : 100,
    "trail_knee_flex_loss_deg" : 0,
    "head_sway_in" : 139.59999999999999,
    "head_rise_cm" : -33.700000000000003,
    "xfactor_deg" : 0.10000000000000001
  },
  "source" : "Justin Thomas driver, face-on (YouTube Shk6obgJMsE)",
  "view" : "face_on",
  "club" : "driver",
  "phases" : {
    "address" : {
      "neck" : {
        "y" : 10.264351963996887,
        "x" : -0.4963897168636322
      },
      "rightWrist" : {
        "x" : 1.4429226517677307,
        "y" : -1.1053711175918579
      },
      "rightHip" : {
        "y" : -0.26470720767974854,
        "x" : -0.24034678936004639
      },
      "leftShoulder" : {
        "y" : 10.562476515769958,
        "x" : -0.11324137449264526
      },
      "rightElbow" : {
        "y" : 3.7003844976425171,
        "x" : -0.40342807769775391
      },
      "rightKnee" : {
        "x" : 0.71386843919754028,
        "y" : -8.3341300487518311
      },
      "leftElbow" : {
        "x" : 0.22426098585128784,
        "y" : 5.3541272878646851
      },
      "leftWrist" : {
        "x" : 1.2734070420265198,
        "y" : 7.437404990196228
      },
      "nose" : {
        "x" : 1.0129868984222412,
        "y" : 12.957260012626648
      },
      "leftHip" : {
        "x" : 0.24034678936004639,
        "y" : 0.26470720767974854
      },
      "leftAnkle" : {
        "y" : -15.998980402946472,
        "x" : 1.0974884033203125
      },
      "rightShoulder" : {
        "y" : 9.9662274122238159,
        "x" : -0.87953805923461914
      },
      "rightAnkle" : {
        "x" : -3.5963118076324463,
        "y" : -14.197659492492676
      },
      "leftKnee" : {
        "x" : 1.2357622385025024,
        "y" : -7.6616376638412476
      }
    },
    "finish" : {
      "leftAnkle" : {
        "x" : 0.92257145139560992,
        "y" : -4.4331393258192229
      },
      "leftKnee" : {
        "x" : 0.64135932972720111,
        "y" : -2.157477918814219
      },
      "leftElbow" : {
        "x" : 0.38092344563690805,
        "y" : 1.2307047740727284
      },
      "rightWrist" : {
        "x" : -0.10160894395855014,
        "y" : -0.494416491303179
      },
      "leftWrist" : {
        "x" : 0.23273318696561898,
        "y" : -0.087944697963097951
      },
      "neck" : {
        "y" : 2.5860711616962302,
        "x" : -0.064926998856235346
      },
      "rightHip" : {
        "x" : -0.32061003799903515,
        "y" : -0.065129702028864922
      },
      "rightAnkle" : {
        "y" : -4.3144691824908437,
        "x" : -0.89212200063934266
      },
      "nose" : {
        "y" : 2.9022822476834578,
        "x" : -0.16230933038053408
      },
      "rightShoulder" : {
        "x" : -0.5218766984754718,
        "y" : 2.383100789430006
      },
      "rightKnee" : {
        "y" : -2.2588035390201164,
        "x" : -0.61111216333535556
      },
      "rightElbow" : {
        "x" : -0.31829235337644823,
        "y" : 0.74683722391044549
      },
      "leftHip" : {
        "x" : 0.32061003799903515,
        "y" : 0.065129702028864922
      },
      "leftShoulder" : {
        "x" : 0.39202270076300111,
        "y" : 2.7890415339624539
      }
    },
    "top" : {
      "nose" : {
        "x" : 1.0129868984222412,
        "y" : 12.957260012626648
      },
      "leftHip" : {
        "x" : 0.24034678936004639,
        "y" : 0.26470720767974854
      },
      "rightWrist" : {
        "x" : 1.4429226517677307,
        "y" : -1.1053711175918579
      },
      "leftShoulder" : {
        "y" : 10.562476515769958,
        "x" : -0.11324137449264526
      },
      "neck" : {
        "y" : 10.264351963996887,
        "x" : -0.4963897168636322
      },
      "rightHip" : {
        "y" : -0.26470720767974854,
        "x" : -0.24034678936004639
      },
      "leftAnkle" : {
        "x" : 1.0974884033203125,
        "y" : -15.998980402946472
      },
      "leftKnee" : {
        "y" : -7.6616376638412476,
        "x" : 1.2357622385025024
      },
      "rightKnee" : {
        "x" : 0.71386843919754028,
        "y" : -8.3341300487518311
      },
      "leftWrist" : {
        "y" : 7.437404990196228,
        "x" : 1.2734070420265198
      },
      "leftElbow" : {
        "y" : 5.3541272878646851,
        "x" : 0.22426098585128784
      },
      "rightAnkle" : {
        "y" : -14.197659492492676,
        "x" : -3.5963118076324463
      },
      "rightShoulder" : {
        "y" : 9.9662274122238159,
        "x" : -0.87953805923461914
      },
      "rightElbow" : {
        "y" : 3.7003844976425171,
        "x" : -0.40342807769775391
      }
    },
    "impact" : {
      "rightAnkle" : {
        "x" : -0.80594023607234466,
        "y" : -4.1835163821180883
      },
      "leftElbow" : {
        "x" : 0.49644058568100646,
        "y" : 1.0072938296140732
      },
      "rightWrist" : {
        "y" : -0.66435895198322192,
        "x" : 0.037028286694322947
      },
      "leftKnee" : {
        "x" : 0.51705896920739369,
        "y" : -2.0622845625147699
      },
      "rightHip" : {
        "x" : -0.31075466520256378,
        "y" : 0.00054924235186570641
      },
      "rightElbow" : {
        "x" : -0.26711486379068855,
        "y" : 0.65942131871897469
      },
      "nose" : {
        "x" : 0.0020804634540367668,
        "y" : 2.6520052038997219
      },
      "rightKnee" : {
        "x" : -0.50404755262647116,
        "y" : -2.1167166194899285
      },
      "leftShoulder" : {
        "y" : 2.5694595470611001,
        "x" : 0.4769246496458821
      },
      "leftWrist" : {
        "y" : -0.12987877622985414,
        "x" : 0.32780891762312114
      },
      "leftAnkle" : {
        "y" : -4.4150644352560704,
        "x" : 0.55340248621627364
      },
      "neck" : {
        "y" : 2.3479904477307314,
        "x" : 0.028648576180216004
      },
      "leftHip" : {
        "x" : 0.31075466520256378,
        "y" : -0.00054924235186570641
      },
      "rightShoulder" : {
        "y" : 2.1265213484003622,
        "x" : -0.41962749728545012
      }
    }
  }
}