{
  "source" : "Dustin Johnson fairway wood (YouTube HBOqZxxr_Go)",
  "phases" : {
    "address" : {
      "rightKnee" : {
        "y" : -2.5786959162909149,
        "x" : -0.3107541992305029
      },
      "leftWrist" : {
        "y" : 1.2939839132069892,
        "x" : 0.25050212022849622
      },
      "leftKnee" : {
        "x" : 0.60161950840678091,
        "y" : -2.6475248547873469
      },
      "leftShoulder" : {
        "x" : 0.25460193999291431,
        "y" : 3.2320970228460917
      },
      "rightWrist" : {
        "y" : 2.6996934623468065,
        "x" : 0.28640980622631262
      },
      "rightShoulder" : {
        "y" : 2.7017348880429384,
        "x" : -0.59316925907381601
      },
      "leftElbow" : {
        "x" : 0.42578801510376929,
        "y" : 1.8128780389524612
      },
      "nose" : {
        "x" : -0.049223289731248766,
        "y" : 3.759279545759362
      },
      "leftAnkle" : {
        "x" : 0.43916431339913908,
        "y" : -5.0096762793092058
      },
      "rightHip" : {
        "x" : -0.29026684774298106,
        "y" : -0.046593192047293841
      },
      "rightAnkle" : {
        "x" : -0.24349418252866795,
        "y" : -5.0992901684355623
      },
      "rightElbow" : {
        "y" : 1.5326571201546708,
        "x" : 0.079879917176930854
      },
      "neck" : {
        "x" : -0.16928365954045085,
        "y" : 2.9669159554445148
      },
      "leftHip" : {
        "x" : 0.29026684774298106,
        "y" : 0.046593192047293841
      }
    },
    "top" : {
      "rightShoulder" : {
        "x" : -0.64258281963152275,
        "y" : 3.3032876179632815
      },
      "leftAnkle" : {
        "y" : -5.7941752416528507,
        "x" : 0.42285942659837916
      },
      "leftElbow" : {
        "x" : 0.50663328688459108,
        "y" : 2.1800077003992966
      },
      "leftHip" : {
        "x" : 0.33396559384911539,
        "y" : 0.018916871865686594
      },
      "neck" : {
        "x" : -0.21118460024798924,
        "y" : 3.5560633610889161
      },
      "leftWrist" : {
        "y" : 2.4999639385104335,
        "x" : 0.28559011209337631
      },
      "rightHip" : {
        "y" : -0.018916871865686594,
        "x" : -0.33396559384911539
      },
      "nose" : {
        "x" : -0.13066965498554692,
        "y" : 4.4472711426513207
      },
      "rightElbow" : {
        "x" : 0.084483299285857641,
        "y" : 1.9815945036031313
      },
      "rightAnkle" : {
        "x" : -0.23671014038233362,
        "y" : -5.6635543840588136
      },
      "leftKnee" : {
        "y" : -2.9664279634330715,
        "x" : 0.63882767267255125
      },
      "rightWrist" : {
        "y" : 3.526465866315335,
        "x" : 0.29599972179611506
      },
      "leftShoulder" : {
        "y" : 3.8088391042145502,
        "x" : 0.2202136191355443
      },
      "rightKnee" : {
        "y" : -2.8102372726877811,
        "x" : -0.32608143683929552
      }
    },
    "impact" : {
      "rightHip" : {
        "x" : -0.30764892680023181,
        "y" : -0.020696104641507156
      },
      "rightShoulder" : {
        "x" : -0.62765043040088986,
        "y" : 2.9719684698631661
      },
      "leftAnkle" : {
        "y" : -4.9471492155189223,
        "x" : 0.42996379276769109
      },
      "nose" : {
        "x" : -0.090395213072339983,
        "y" : 4.0792516929413134
      },
      "leftKnee" : {
        "x" : 0.63097490690192914,
        "y" : -2.6188322832554607
      },
      "leftHip" : {
        "x" : 0.30764892680023181,
        "y" : 0.020696104641507156
      },
      "leftShoulder" : {
        "x" : 0.25138326284017548,
        "y" : 3.4487281222531019
      },
      "rightWrist" : {
        "y" : 3.1767347563365331,
        "x" : 0.27616547384336976
      },
      "rightKnee" : {
        "x" : -0.3131530269675154,
        "y" : -2.5553837685770993
      },
      "leftWrist" : {
        "y" : 1.7358631583947877,
        "x" : 0.26527148358727376
      },
      "leftElbow" : {
        "x" : 0.50385908956355674,
        "y" : 2.0126726119577296
      },
      "rightAnkle" : {
        "x" : -0.22009520543925198,
        "y" : -5.2313314112559413
      },
      "neck" : {
        "y" : 3.2103482960581338,
        "x" : -0.18813358378035716
      },
      "rightElbow" : {
        "y" : 1.7596105985665327,
        "x" : 0.027975965125260596
      }
    },
    "finish" : {
      "neck" : {
        "y" : 3.1752689722182725,
        "x" : -0.20604576401653119
      },
      "rightHip" : {
        "y" : -0.041758528264858943,
        "x" : -0.29554069147759288
      },
      "rightKnee" : {
        "x" : -0.35760347089178945,
        "y" : -2.5365184469415714
      },
      "leftAnkle" : {
        "x" : 0.41060321996449228,
        "y" : -4.9335214971251196
      },
      "rightAnkle" : {
        "y" : -5.0351606188799227,
        "x" : -0.19361389675383123
      },
      "leftShoulder" : {
        "x" : 0.24445077128214232,
        "y" : 3.3921857112770439
      },
      "nose" : {
        "y" : 3.9766439568496801,
        "x" : -0.19149497224636369
      },
      "rightWrist" : {
        "y" : 2.30179728156094,
        "x" : 0.26316549609605416
      },
      "leftKnee" : {
        "x" : 0.58987808421697274,
        "y" : -2.5515786595942695
      },
      "rightShoulder" : {
        "x" : -0.65654229931520469,
        "y" : 2.9583522331595016
      },
      "rightElbow" : {
        "x" : -0.11052701785825036,
        "y" : 1.6554027794076767
      },
      "leftHip" : {
        "x" : 0.29554069147759288,
        "y" : 0.041758528264858943
      },
      "leftWrist" : {
        "x" : 0.27538493818028703,
        "y" : 1.4682874949317761
      },
      "leftElbow" : {
        "x" : 0.44552751748763558,
        "y" : 1.9705511805403233
      }
    }
  },
  "view" : "dtl",
  "metrics" : {
    "lead_arm_bend_deg" : 169.09999999999999,
    "weight_lead_pct_est" : 36.100000000000001,
    "trail_knee_flex_loss_deg" : 0.40000000000000002,
    "tempo_ratio" : 1,
    "xfactor_deg" : 15.9,
    "head_rise_cm" : 0.10000000000000001,
    "spine_loss_deg" : 0.69999999999999996,
    "pelvis_sway_in" : 0.80000000000000004,
    "head_sway_in" : 0.90000000000000002
  },
  "club" : "wood"
}